id,satisfaction
1,0.05
2,0.3
3,1.0
4,1.0
5,0.28
6,0.15
7,0.13
8,1.0
9,0.09
10,0.13
11,0.71
12,0.79
13,0.21
14,0.16
15,0.18
16,0.97
17,0.0
18,0.61
19,0.91
20,0.88
21,0.95
22,0.01
23,0.0
24,0.0
25,0.77
26,0.53
27,0.05
28,0.0
29,1.0
30,0.13
31,1.0
32,1.0
33,0.0
34,0.0
35,1.0
36,1.0
37,0.08
38,1.0
39,0.0
40,0.99
41,1.0
42,0.97
43,0.55
44,0.0
45,0.01
46,1.0
47,0.72
48,0.0
49,0.05
50,1.0
51,0.12
52,0.99
53,0.0
54,0.37
55,1.0
56,0.0
57,1.0
58,0.04
59,0.51
60,1.0
61,0.0
62,0.15
63,0.02
64,0.0
65,0.75
66,1.0
67,1.0
68,0.4
69,0.54
70,0.0
71,0.0
72,1.0
73,1.0
74,1.0
75,0.0
76,0.0
77,0.06
78,0.68
79,0.96
80,0.53
81,0.48
82,1.0
83,0.01
84,0.0
85,1.0
86,0.0
87,1.0
88,0.98
89,0.93
90,0.33
91,1.0
92,0.92
93,0.31
94,0.0
95,0.76
96,0.97
97,0.0
98,0.87
99,0.95
100,0.09
101,0.02
102,0.0
103,0.6
104,0.0
105,0.89
106,0.47
107,0.97
108,0.86
109,0.0
110,0.98
111,1.0
112,0.02
113,0.4
114,0.99
115,0.15
116,1.0
117,0.39
118,0.0
119,0.04
120,0.0
121,0.94
122,0.46
123,0.0
124,0.0
125,0.0
126,1.0
127,1.0
128,1.0
129,0.99
130,0.0
131,0.99
132,0.38
133,0.0
134,0.97
135,0.78
136,0.4
137,0.02
138,0.04
139,0.0
140,0.0
141,0.0
142,1.0
143,1.0
144,0.0
145,0.88
146,0.99
147,1.0
148,0.03
149,1.0
150,0.61
151,1.0
152,0.99
153,0.97
154,0.01
155,0.26
156,1.0
157,1.0
158,0.96
159,1.0
160,0.0
161,0.98
162,1.0
163,1.0
164,0.0
165,0.79
166,0.98
167,0.42
168,0.0
169,1.0
170,0.1
171,0.15
172,0.0
173,0.05
174,0.04
175,0.52
176,1.0
177,0.0
178,1.0
179,0.41
180,0.02
181,1.0
182,0.38
183,1.0
184,0.88
185,1.0
186,0.35
187,1.0
188,0.39
189,0.76
190,0.0
191,0.25
192,1.0
193,1.0
194,0.0
195,0.96
196,0.12
197,0.0
198,0.07
199,0.91
200,0.55
201,0.65
202,0.0
203,0.76
204,0.0
205,0.39
206,1.0
207,1.0
208,0.01
209,0.0
210,1.0
211,0.0
212,0.0
213,0.59
214,0.02
215,0.77
216,1.0
217,0.01
218,1.0
219,0.15
220,1.0
221,0.62
222,0.0
223,0.98
224,0.0
225,1.0
226,1.0
227,1.0
228,1.0
229,1.0
230,0.99
231,0.05
232,0.0
233,1.0
234,0.0
235,0.01
236,1.0
237,1.0
238,1.0
239,0.05
240,0.13
241,0.39
242,0.0
243,0.0
244,1.0
245,1.0
246,1.0
247,0.0
248,0.99
249,0.0
250,1.0
251,1.0
252,0.94
253,0.86
254,0.21
255,1.0
256,1.0
257,0.73
258,0.06
259,1.0
260,0.31
261,1.0
262,0.33
263,0.01
264,0.7
265,0.44
266,0.0
267,1.0
268,0.0
269,0.0
270,0.6
271,0.91
272,0.9
273,0.0
274,0.01
275,0.0
276,0.33
277,0.42
278,1.0
279,0.0
280,0.2
281,0.97
282,1.0
283,0.85
284,0.85
285,0.99
286,1.0
287,1.0
288,0.01
289,0.01
290,0.35
291,1.0
292,1.0
293,0.0
294,1.0
295,0.0
296,1.0
297,0.0
298,0.0
299,0.0
300,0.74
301,1.0
302,0.77
303,0.0
304,0.0
305,0.01
306,0.0
307,0.88
308,0.43
309,0.88
310,0.0
311,1.0
312,0.05
313,0.73
314,0.99
315,0.95
316,0.85
317,0.99
318,0.0
319,1.0
320,0.06
321,0.09
322,0.99
323,0.0
324,0.02
325,1.0
326,0.01
327,0.01
328,0.02
329,0.0
330,1.0
331,1.0
332,1.0
333,0.04
334,0.99
335,1.0
336,0.0
337,0.18
338,1.0
339,0.0
340,0.02
341,1.0
342,0.02
343,1.0
344,0.02
345,0.0
346,1.0
347,0.0
348,0.43
349,0.8
350,0.0
351,1.0
352,0.0
353,1.0
354,0.65
355,0.02
356,0.0
357,1.0
358,0.8
359,1.0
360,1.0
361,1.0
362,1.0
363,0.99
364,0.0
365,0.84
366,0.04
367,0.0
368,0.01
369,0.57
370,1.0
371,0.2
372,0.0
373,0.02
374,0.8
375,0.99
376,1.0
377,1.0
378,1.0
379,0.0
380,0.21
381,1.0
382,0.03
383,0.75
384,1.0
385,0.0
386,0.94
387,0.01
388,0.0
389,0.56
390,0.03
391,0.0
392,1.0
393,0.44
394,0.02
395,0.0
396,0.92
397,0.0
398,0.0
399,0.18
400,0.35
401,1.0
402,0.0
403,0.18
404,0.99
405,0.0
406,0.99
407,0.76
408,0.12
409,0.0
410,0.0
411,0.46
412,1.0
413,0.01
414,1.0
415,0.27
416,0.97
417,0.15
418,0.91
419,0.0
420,0.0
421,1.0
422,1.0
423,0.04
424,1.0
425,0.0
426,0.84
427,0.0
428,1.0
429,1.0
430,0.99
431,0.92
432,1.0
433,1.0
434,0.0
435,0.99
436,0.2
437,0.01
438,0.99
439,1.0
440,1.0
441,1.0
442,1.0
443,0.98
444,0.01
445,0.98
446,0.0
447,1.0
448,1.0
449,0.01
450,0.36
451,0.53
452,1.0
453,0.35
454,0.8
455,0.0
456,0.01
457,0.28
458,0.43
459,0.94
460,1.0
461,0.84
462,0.04
463,0.12
464,0.0
465,1.0
466,0.28
467,0.66
468,0.0
469,0.92
470,0.78
471,0.65
472,1.0
473,0.0
474,0.01
475,0.42
476,1.0
477,0.01
478,0.16
479,1.0
480,0.0
481,0.0
482,0.71
483,0.85
484,0.59
485,0.99
486,0.0
487,0.0
488,0.57
489,1.0
490,1.0
491,1.0
492,0.94
493,0.0
494,1.0
495,0.97
496,0.0
497,0.0
498,0.0
499,0.0
500,0.0
501,0.0
502,1.0
503,0.02
504,0.77
505,0.5
506,1.0
507,0.0
508,0.01
509,0.09
510,0.99
511,0.05
512,0.0
513,0.0
514,0.0
515,0.04
516,0.0
517,1.0
518,0.31
519,1.0
520,1.0
521,1.0
522,1.0
523,0.0
524,1.0
525,0.88
526,0.0
527,0.33
528,0.0
529,0.12
530,0.08
531,0.98
532,0.0
533,0.99
534,0.78
535,0.0
536,0.0
537,0.22
538,0.81
539,0.84
540,0.81
541,1.0
542,0.04
543,0.99
544,0.44
545,0.59
546,0.11
547,0.99
548,0.0
549,1.0
550,1.0
551,0.07
552,0.0
553,0.99
554,0.99
555,1.0
556,0.0
557,0.93
558,0.0
559,0.0
560,0.99
561,0.0
562,0.0
563,1.0
564,0.8
565,1.0
566,1.0
567,0.97
568,0.82
569,0.52
570,0.76
571,1.0
572,0.42
573,1.0
574,0.53
575,1.0
576,0.35
577,1.0
578,0.95
579,0.06
580,0.95
581,1.0
582,1.0
583,0.98
584,1.0
585,0.61
586,0.02
587,1.0
588,1.0
589,0.0
590,0.11
591,0.0
592,1.0
593,0.96
594,0.0
595,0.6
596,1.0
597,0.98
598,0.0
599,0.0
600,0.13
601,1.0
602,1.0
603,0.56
604,1.0
605,1.0
606,1.0
607,0.0
608,0.88
609,0.03
610,0.02
611,0.0
612,1.0
613,0.0
614,0.99
615,0.0
616,0.0
617,0.0
618,0.0
619,1.0
620,0.42
621,0.0
622,0.92
623,1.0
624,0.0
625,1.0
626,0.01
627,0.14
628,0.18
629,0.6
630,0.99
631,0.11
632,1.0
633,0.99
634,0.0
635,0.0
636,0.87
637,0.03
638,0.84
639,0.0
640,0.0
641,1.0
642,1.0
643,0.83
644,0.0
645,1.0
646,1.0
647,0.0
648,0.0
649,0.0
650,0.0
651,0.78
652,0.5
653,0.03
654,0.27
655,0.0
656,0.99
657,0.95
658,0.02
659,0.17
660,0.99
661,0.0
662,0.0
663,1.0
664,0.0
665,0.04
666,1.0
667,1.0
668,0.98
669,1.0
670,0.0
671,0.01
672,0.1
673,1.0
674,0.0
675,0.0
676,0.0
677,0.0
678,0.73
679,1.0
680,0.98
681,0.16
682,0.91
683,1.0
684,0.75
685,0.98
686,0.96
687,1.0
688,0.55
689,0.15
690,0.0
691,0.0
692,0.13
693,0.17
694,1.0
695,0.42
696,0.33
697,0.0
698,1.0
699,1.0
700,0.81
701,0.01
702,1.0
703,0.0
704,0.95
705,1.0
706,0.63
707,1.0
708,0.78
709,0.09
710,0.43
711,0.06
712,0.0
713,1.0
714,0.0
715,1.0
716,0.8
717,1.0
718,0.0
719,1.0
720,0.01
721,1.0
722,1.0
723,0.01
724,0.02
725,0.99
726,0.43
727,1.0
728,0.0
729,1.0
730,1.0
731,0.33
732,0.99
733,0.22
734,0.01
735,0.77
736,0.91
737,0.31
738,0.0
739,1.0
740,1.0
741,0.2
742,0.95
743,0.0
744,1.0
745,0.03
746,0.0
747,0.01
748,1.0
749,0.01
750,0.63
751,0.67
752,0.0
753,0.7
754,0.25
755,1.0
756,0.01
757,0.54
758,0.01
759,0.97
760,1.0
761,0.99
762,1.0
763,0.01
764,0.0
765,0.0
766,0.0
767,0.0
768,0.0
769,1.0
770,1.0
771,0.0
772,1.0
773,1.0
774,1.0
775,0.0
776,0.0
777,0.0
778,0.98
779,0.49
780,0.46
781,0.66
782,1.0
783,0.83
784,0.03
785,1.0
786,0.0
787,1.0
788,0.76
789,1.0
790,1.0
791,0.88
792,0.0
793,1.0
794,0.93
795,0.99
796,0.94
797,0.0
798,1.0
799,0.08
800,1.0
801,1.0
802,1.0
803,1.0
804,1.0
805,0.02
806,0.59
807,0.0
808,0.35
809,0.47
810,1.0
811,1.0
812,0.0
813,0.03
814,1.0
815,0.0
816,0.16
817,1.0
818,0.99
819,1.0
820,1.0
821,0.42
822,0.99
823,0.23
824,0.65
825,0.94
826,0.0
827,1.0
828,0.0
829,0.97
830,0.75
831,0.99
832,0.3
833,1.0
834,0.14
835,0.0
836,0.23
837,0.0
838,1.0
839,0.06
840,1.0
841,0.27
842,0.05
843,1.0
844,0.97
845,0.05
846,0.93
847,0.3
848,0.07
849,0.03
850,1.0
851,0.31
852,1.0
853,0.0
854,0.0
855,0.88
856,0.0
857,1.0
858,0.0
859,0.96
860,0.0
861,0.5
862,0.87
863,0.97
864,0.67
865,0.01
866,0.11
867,0.0
868,1.0
869,0.94
870,1.0
871,0.94
872,0.0
873,0.37
874,0.03
875,1.0
876,0.0
877,1.0
878,0.28
879,0.0
880,0.85
881,0.99
882,0.0
883,1.0
884,0.0
885,1.0
886,0.98
887,0.0
888,0.16
889,0.0
890,0.0
891,0.91
892,0.12
893,0.0
894,0.0
895,1.0
896,0.99
897,0.21
898,0.04
899,0.75
900,1.0
901,1.0
902,1.0
903,1.0
904,0.13
905,1.0
906,1.0
907,1.0
908,0.0
909,0.87
910,1.0
911,0.88
912,0.0
913,0.75
914,0.01
915,0.0
916,0.24
917,0.99
918,0.01
919,0.0
920,1.0
921,0.99
922,0.0
923,1.0
924,1.0
925,1.0
926,0.4
927,0.0
928,0.78
929,1.0
930,1.0
931,1.0
932,1.0
933,0.04
934,1.0
935,1.0
936,0.01
937,0.14
938,0.25
939,0.0
940,0.0
941,0.0
942,0.0
943,0.02
944,0.53
945,0.98
946,0.08
947,0.0
948,0.86
949,0.1
950,0.0
951,0.28
952,0.0
953,0.12
954,0.0
955,0.47
956,0.3
957,1.0
958,0.0
959,0.0
960,0.83
961,0.97
962,0.93
963,1.0
964,0.04
965,0.19
966,0.01
967,0.99
968,0.24
969,1.0
970,0.85
971,0.02
972,1.0
973,0.99
974,0.86
975,1.0
976,0.0
977,0.16
978,0.02
979,0.01
980,0.0
981,0.0
982,0.0
983,0.0
984,0.99
985,1.0
986,0.26
987,1.0
988,0.15
989,1.0
990,0.0
991,0.0
992,0.79
993,0.0
994,0.31
995,0.08
996,0.01
997,1.0
998,1.0
999,0.09
1000,0.06
1001,0.38
1002,0.0
1003,0.99
1004,0.0
1005,1.0
1006,0.0
1007,0.0
1008,0.54
1009,0.86
1010,0.0
1011,0.42
1012,1.0
1013,1.0
1014,0.0
1015,0.87
1016,1.0
1017,0.0
1018,0.0
1019,1.0
1020,0.89
1021,1.0
1022,0.96
1023,0.04
1024,0.45
1025,0.0
1026,0.9
1027,1.0
1028,0.31
1029,0.99
1030,0.98
1031,0.01
1032,0.0
1033,0.76
1034,0.04
1035,0.0
1036,0.0
1037,0.19
1038,1.0
1039,0.6
1040,0.0
1041,0.0
1042,1.0
1043,0.95
1044,1.0
1045,1.0
1046,0.07
1047,1.0
1048,0.63
1049,0.98
1050,0.9
1051,0.97
1052,0.19
1053,1.0
1054,1.0
1055,1.0
1056,0.05
1057,0.33
1058,0.02
1059,0.9
1060,0.97
1061,0.01
1062,0.99
1063,0.99
1064,0.37
1065,0.32
1066,0.03
1067,0.01
1068,0.21
1069,0.43
1070,0.78
1071,1.0
1072,0.0
1073,0.11
1074,0.14
1075,0.75
1076,1.0
1077,0.0
1078,0.11
1079,0.0
1080,0.17
1081,0.0
1082,0.98
1083,0.0
1084,1.0
1085,1.0
1086,0.0
1087,0.96
1088,0.0
1089,1.0
1090,0.01
1091,0.52
1092,0.0
1093,0.21
1094,0.0
1095,1.0
1096,0.97
1097,1.0
1098,1.0
1099,0.76
1100,0.64
1101,0.32
1102,0.87
1103,0.68
1104,0.0
1105,0.83
1106,0.57
1107,0.9
1108,0.24
1109,0.0
1110,0.19
1111,0.99
1112,0.0
1113,0.0
1114,1.0
1115,0.01
1116,0.0
1117,0.04
1118,0.35
1119,1.0
1120,0.0
1121,1.0
1122,0.33
1123,1.0
1124,0.0
1125,0.95
1126,0.02
1127,0.91
1128,1.0
1129,1.0
1130,1.0
1131,0.12
1132,0.0
1133,0.08
1134,0.03
1135,0.98
1136,0.95
1137,0.97
1138,0.93
1139,0.0
1140,0.0
1141,0.04
1142,0.84
1143,0.0
1144,0.2
1145,0.26
1146,0.01
1147,0.0
1148,0.0
1149,1.0
1150,0.33
1151,0.0
1152,0.2
1153,1.0
1154,1.0
1155,0.03
1156,0.0
1157,0.99
1158,0.01
1159,0.9
1160,0.0
1161,1.0
1162,0.13
1163,0.42
1164,0.09
1165,0.99
1166,0.23
1167,0.96
1168,0.0
1169,1.0
1170,0.8
1171,0.73
1172,0.16
1173,0.97
1174,0.97
1175,0.01
1176,1.0
1177,0.44
1178,1.0
1179,1.0
1180,0.0
1181,0.0
1182,1.0
1183,0.0
1184,0.84
1185,0.0
1186,0.97
1187,0.78
1188,0.98
1189,0.31
1190,1.0
1191,0.0
1192,1.0
1193,1.0
1194,1.0
1195,0.99
1196,1.0
1197,0.0
1198,0.91
1199,1.0
1200,1.0
1201,0.8
1202,0.01
1203,1.0
1204,0.0
1205,0.77
1206,1.0
1207,0.16
1208,1.0
1209,0.19
1210,0.0
1211,0.02
1212,1.0
1213,0.0
1214,1.0
1215,0.0
1216,0.14
1217,1.0
1218,0.09
1219,0.74
1220,0.0
1221,1.0
1222,0.76
1223,0.21
1224,0.79
1225,0.0
1226,0.0
1227,0.12
1228,0.0
1229,0.0
1230,0.97
1231,1.0
1232,1.0
1233,0.05
1234,1.0
1235,0.29
1236,1.0
1237,0.4
1238,0.0
1239,1.0
1240,0.0
1241,0.0
1242,0.99
1243,1.0
1244,0.01
1245,0.01
1246,0.01
1247,0.0
1248,0.25
1249,0.58
1250,0.2
1251,0.94
1252,0.21
1253,0.98
1254,0.0
1255,0.43
1256,0.33
1257,1.0
1258,1.0
1259,0.98
1260,1.0
1261,0.02
1262,0.01
1263,1.0
1264,0.85
1265,0.0
1266,1.0
1267,0.94
1268,0.31
1269,0.9
1270,0.05
1271,1.0
1272,0.09
1273,0.12
1274,0.45
1275,0.0
1276,0.01
1277,0.93
1278,1.0
1279,1.0
1280,0.0
1281,1.0
1282,0.87
1283,0.07
1284,1.0
1285,0.96
1286,0.0
1287,0.0
1288,0.38
1289,0.0
1290,0.0
1291,0.96
1292,0.68
1293,1.0
1294,1.0
1295,0.94
1296,0.97
1297,0.87
1298,0.0
1299,0.01
1300,0.0
1301,0.0
1302,0.11
1303,0.92
1304,0.0
1305,0.45
1306,0.98
1307,1.0
1308,0.98
1309,0.02
1310,0.01
1311,1.0
1312,1.0
1313,0.0
1314,0.0
1315,0.11
1316,0.0
1317,0.01
1318,0.32
1319,0.58
1320,1.0
1321,0.75
1322,1.0
1323,0.97
1324,0.98
1325,0.0
1326,0.83
1327,0.99
1328,0.9
1329,0.0
1330,0.0
1331,1.0
1332,0.77
1333,1.0
1334,0.0
1335,0.0
1336,0.06
1337,0.45
1338,1.0
1339,0.97
1340,1.0
1341,0.0
1342,1.0
1343,0.0
1344,0.0
1345,0.0
1346,0.33
1347,1.0
1348,0.99
1349,0.9
1350,0.87
1351,0.0
1352,0.4
1353,0.0
1354,0.02
1355,0.95
1356,0.39
1357,1.0
1358,0.02
1359,0.83
1360,1.0
1361,0.68
1362,0.53
1363,0.99
1364,0.65
1365,1.0
1366,0.0
1367,1.0
1368,1.0
1369,0.97
1370,1.0
1371,1.0
1372,0.0
1373,1.0
1374,0.01
1375,1.0
1376,0.25
1377,0.97
1378,0.0
1379,1.0
1380,0.0
1381,1.0
1382,0.0
1383,0.0
1384,0.08
1385,1.0
1386,0.0
1387,1.0
1388,0.0
1389,1.0
1390,1.0
1391,0.01
1392,0.0
1393,0.0
1394,0.0
1395,0.01
1396,1.0
1397,0.0
1398,1.0
1399,0.05
1400,0.99
1401,1.0
1402,0.0
1403,0.0
1404,0.0
1405,0.06
1406,1.0
1407,1.0
1408,0.0
1409,0.58
1410,0.24
1411,0.97
1412,0.0
1413,0.0
1414,1.0
1415,0.0
1416,0.68
1417,0.0
1418,0.96
1419,0.63
1420,0.0
1421,0.36
1422,0.43
1423,0.0
1424,1.0
1425,0.0
1426,0.99
1427,0.0
1428,0.0
1429,1.0
1430,0.31
1431,0.31
1432,0.96
1433,0.38
1434,1.0
1435,0.63
1436,0.0
1437,0.0
1438,0.0
1439,0.89
1440,0.68
1441,1.0
1442,0.0
1443,1.0
1444,0.99
1445,0.06
1446,0.98
1447,1.0
1448,1.0
1449,1.0
1450,0.0
1451,1.0
1452,0.45
1453,0.05
1454,0.0
1455,0.0
1456,0.99
1457,0.94
1458,0.6
1459,0.97
1460,0.98
1461,0.0
1462,0.0
1463,1.0
1464,0.0
1465,0.0
1466,0.0
1467,0.83
1468,0.0
1469,1.0
1470,1.0
1471,0.0
1472,0.41
1473,0.0
1474,0.01
1475,0.83
1476,0.3
1477,0.99
1478,0.07
1479,0.84
1480,0.34
1481,1.0
1482,1.0
1483,0.0
1484,0.0
1485,0.26
1486,0.03
1487,0.31
1488,0.0
1489,0.98
1490,1.0
1491,0.0
1492,1.0
1493,1.0
1494,1.0
1495,0.0
1496,0.0
1497,0.0
1498,0.91
1499,0.91
1500,0.99
1501,0.01
1502,0.9
1503,0.0
1504,1.0
1505,0.03
1506,1.0
1507,0.0
1508,1.0
1509,1.0
1510,1.0
1511,0.06
1512,1.0
1513,0.84
1514,1.0
1515,0.08
1516,1.0
1517,0.0
1518,0.68
1519,0.6
1520,0.97
1521,0.0
1522,0.02
1523,0.01
1524,0.0
1525,0.0
1526,0.65
1527,1.0
1528,0.0
1529,1.0
1530,0.66
1531,1.0
1532,0.65
1533,0.0
1534,1.0
1535,0.6
1536,1.0
1537,0.0
1538,1.0
1539,1.0
1540,0.71
1541,1.0
1542,1.0
1543,0.4
1544,0.74
1545,1.0
1546,0.87
1547,0.0
1548,1.0
1549,0.9
1550,0.03
1551,1.0
1552,0.01
1553,0.48
1554,1.0
1555,0.65
1556,0.98
1557,0.55
1558,0.0
1559,0.06
1560,1.0
1561,1.0
1562,0.05
1563,0.87
1564,0.99
1565,1.0
1566,0.84
1567,0.99
1568,0.0
1569,0.0
1570,0.02
1571,0.69
1572,1.0
1573,0.99
1574,0.99
1575,0.01
1576,0.0
1577,0.0
1578,0.03
1579,0.0
1580,1.0
1581,1.0
1582,0.95
1583,1.0
1584,1.0
1585,1.0
1586,0.01
1587,0.99
1588,0.02
1589,0.03
1590,0.99
1591,1.0
1592,0.98
1593,0.02
1594,0.02
1595,1.0
1596,1.0
1597,1.0
1598,1.0
1599,0.85
1600,0.03
1601,0.0
1602,0.0
1603,0.24
1604,1.0
1605,1.0
1606,0.0
1607,0.1
1608,0.8
1609,0.01
1610,0.0
1611,0.91
1612,0.01
1613,0.0
1614,0.88
1615,0.66
1616,0.57
1617,1.0
1618,0.37
1619,0.0
1620,0.28
1621,0.0
1622,0.0
1623,0.01
1624,0.0
1625,0.95
1626,0.8
1627,0.15
1628,0.33
1629,1.0
1630,0.05
1631,1.0
1632,0.0
1633,0.0
1634,0.0
1635,1.0
1636,0.0
1637,0.55
1638,0.0
1639,1.0
1640,1.0
1641,0.0
1642,0.84
1643,1.0
1644,0.76
1645,1.0
1646,0.01
1647,1.0
1648,0.0
1649,1.0
1650,1.0
1651,0.02
1652,0.0
1653,1.0
1654,1.0
1655,0.0
1656,1.0
1657,0.02
1658,0.0
1659,0.0
1660,0.03
1661,0.92
1662,0.01
1663,0.94
1664,0.0
1665,0.0
1666,1.0
1667,1.0
1668,0.89
1669,0.02
1670,0.0
1671,0.95
1672,0.45
1673,0.58
1674,0.63
1675,0.17
1676,0.02
1677,1.0
1678,1.0
1679,0.96
1680,1.0
1681,0.0
1682,0.99
1683,1.0
1684,0.0
1685,1.0
1686,0.0
1687,0.0
1688,0.11
1689,0.97
1690,0.0
1691,0.02
1692,0.0
1693,0.06
1694,1.0
1695,0.91
1696,0.15
1697,0.0
1698,0.77
1699,1.0
1700,0.01
1701,0.02
1702,0.0
1703,1.0
1704,1.0
1705,0.99
1706,1.0
1707,0.0
1708,1.0
1709,0.03
1710,0.0
1711,0.55
1712,1.0
1713,0.0
1714,0.0
1715,1.0
1716,0.98
1717,1.0
1718,0.0
1719,1.0
1720,0.0
1721,1.0
1722,0.0
1723,1.0
1724,0.89
1725,1.0
1726,0.06
1727,1.0
1728,0.03
1729,0.0
1730,1.0
1731,0.9
1732,0.0
1733,0.0
1734,1.0
1735,1.0
1736,1.0
1737,0.0
1738,1.0
1739,0.0
1740,0.0
1741,1.0
1742,1.0
1743,0.28
1744,1.0
1745,1.0
1746,1.0
1747,0.01
1748,0.0
1749,0.0
1750,0.97
1751,0.01
1752,0.0
1753,1.0
1754,0.77
1755,0.99
1756,1.0
1757,0.93
1758,0.78
1759,0.01
1760,0.6
1761,1.0
1762,0.96
1763,0.96
1764,0.27
1765,0.0
1766,0.66
1767,0.0
1768,0.0
1769,1.0
1770,1.0
1771,0.57
1772,0.0
1773,0.0
1774,1.0
1775,0.07
1776,0.0
1777,1.0
1778,1.0
1779,1.0
1780,1.0
1781,1.0
1782,1.0
1783,1.0
1784,1.0
1785,1.0
1786,0.42
1787,0.95
1788,0.22
1789,0.0
1790,0.0
1791,1.0
1792,1.0
1793,0.87
1794,1.0
1795,0.0
1796,1.0
1797,0.91
1798,0.05
1799,1.0
1800,1.0
1801,1.0
1802,0.0
1803,0.0
1804,1.0
1805,0.2
1806,0.03
1807,0.99
1808,0.15
1809,0.0
1810,0.0
1811,1.0
1812,0.24
1813,0.94
1814,1.0
1815,1.0
1816,0.03
1817,1.0
1818,0.0
1819,0.02
1820,0.45
1821,1.0
1822,0.0
1823,1.0
1824,0.07
1825,0.35
1826,1.0
1827,1.0
1828,0.0
1829,1.0
1830,1.0
1831,0.02
1832,0.42
1833,1.0
1834,1.0
1835,1.0
1836,0.23
1837,0.0
1838,1.0
1839,0.97
1840,0.0
1841,0.0
1842,0.02
1843,0.52
1844,0.0
1845,1.0
1846,0.73
1847,1.0
1848,1.0
1849,1.0
1850,0.0
1851,0.35
1852,1.0
1853,1.0
1854,0.01
1855,0.0
1856,0.94
1857,1.0
1858,1.0
1859,0.05
1860,0.62
1861,1.0
1862,0.26
1863,0.0
1864,0.0
1865,0.0
1866,0.48
1867,1.0
1868,0.99
1869,0.1
1870,0.0
1871,0.45
1872,1.0
1873,1.0
1874,1.0
1875,0.01
1876,0.0
1877,0.21
1878,0.99
1879,0.0
1880,0.99
1881,1.0
1882,0.0
1883,1.0
1884,0.29
1885,0.0
1886,0.0
1887,0.38
1888,0.0
1889,1.0
1890,0.32
1891,0.0
1892,0.0
1893,0.0
1894,0.0
1895,0.0
1896,0.0
1897,0.0
1898,1.0
1899,0.01
1900,0.01
1901,1.0
1902,0.0
1903,0.03
1904,0.0
1905,0.05
1906,1.0
1907,0.01
1908,0.79
1909,0.54
1910,0.0
1911,1.0
1912,0.04
1913,0.55
1914,1.0
1915,0.66
1916,0.26
1917,0.0
1918,1.0
1919,0.0
1920,0.11
1921,0.02
1922,1.0
1923,0.0
1924,0.99
1925,1.0
1926,1.0
1927,0.86
1928,0.01
1929,0.76
1930,0.0
1931,0.9
1932,0.12
1933,0.0
1934,0.04
1935,1.0
1936,0.0
1937,0.97
1938,0.87
1939,1.0
1940,0.0
1941,0.44
1942,0.92
1943,1.0
1944,1.0
1945,0.99
1946,0.96
1947,1.0
1948,0.67
1949,1.0
1950,1.0
1951,1.0
1952,0.0
1953,1.0
1954,1.0
1955,1.0
1956,1.0
1957,0.01
1958,0.01
1959,0.0
1960,1.0
1961,0.0
1962,0.0
1963,0.0
1964,0.96
1965,0.0
1966,1.0
1967,0.56
1968,0.99
1969,1.0
1970,0.1
1971,1.0
1972,0.06
1973,1.0
1974,0.0
1975,0.14
1976,1.0
1977,0.0
1978,0.0
1979,0.97
1980,0.01
1981,0.0
1982,0.0
1983,0.19
1984,0.0
1985,0.1
1986,0.77
1987,0.26
1988,0.0
1989,0.0
1990,0.0
1991,0.08
1992,1.0
1993,0.0
1994,1.0
1995,0.0
1996,0.97
1997,1.0
1998,0.94
1999,0.83
2000,0.87
2001,0.15
2002,1.0
2003,0.97
2004,0.01
2005,1.0
2006,0.0
2007,0.87
2008,0.1
2009,1.0
2010,0.47
2011,0.19
2012,0.95
2013,0.0
2014,1.0
2015,0.91
2016,0.0
2017,0.02
2018,1.0
2019,1.0
2020,1.0
2021,0.0
2022,0.0
2023,1.0
2024,0.0
2025,0.77
2026,0.0
2027,0.74
2028,0.0
2029,0.08
2030,0.0
2031,0.0
2032,0.01
2033,0.88
2034,1.0
2035,0.08
2036,1.0
2037,0.0
2038,0.97
2039,0.96
2040,0.0
2041,0.0
2042,1.0
2043,0.02
2044,0.0
2045,0.0
2046,0.0
2047,0.0
2048,0.02
2049,1.0
2050,1.0
2051,0.0
2052,0.0
2053,1.0
2054,1.0
2055,0.0
2056,0.03
2057,0.26
2058,0.0
2059,0.0
2060,0.0
2061,1.0
2062,1.0
2063,1.0
2064,0.0
2065,0.24
2066,1.0
2067,1.0
2068,1.0
2069,0.0
2070,0.07
2071,0.0
2072,1.0
2073,0.01
2074,0.99
2075,0.0
2076,0.74
2077,0.0
2078,0.23
2079,0.98
2080,0.0
2081,0.0
2082,1.0
2083,0.0
2084,0.99
2085,0.0
2086,1.0
2087,0.66
2088,1.0
2089,0.02
2090,1.0
2091,0.0
2092,0.0
2093,0.04
2094,0.0
2095,1.0
2096,0.87
2097,0.0
2098,0.01
2099,0.0
2100,0.96
2101,0.0
2102,1.0
2103,0.0
2104,0.0
2105,0.01
2106,1.0
2107,0.36
2108,0.0
2109,0.0
2110,0.99
2111,0.98
2112,1.0
2113,0.86
2114,0.0
2115,0.35
2116,0.0
2117,0.0
2118,0.98
2119,0.0
2120,0.65
2121,0.0
2122,0.04
2123,1.0
2124,1.0
2125,0.0
2126,0.18
2127,0.01
2128,0.0
2129,1.0
2130,0.01
2131,1.0
2132,0.94
2133,0.03
2134,0.26
2135,0.84
2136,1.0
2137,0.01
2138,1.0
2139,1.0
2140,0.12
2141,0.0
2142,0.86
2143,1.0
2144,0.0
2145,0.99
2146,1.0
2147,1.0
2148,0.0
2149,0.0
2150,0.13
2151,1.0
2152,0.0
2153,0.0
2154,0.22
2155,0.0
2156,0.89
2157,0.0
2158,0.0
2159,0.03
2160,0.02
2161,0.0
2162,0.51
2163,0.02
2164,1.0
2165,0.0
2166,0.0
2167,0.36
2168,0.16
2169,1.0
2170,0.0
2171,0.02
2172,0.31
2173,0.0
2174,0.08
2175,1.0
2176,0.98
2177,0.98
2178,1.0
2179,0.01
2180,1.0
2181,0.85
2182,0.0
2183,0.99
2184,0.95
2185,1.0
2186,1.0
2187,0.31
2188,1.0
2189,1.0
2190,1.0
2191,0.11
2192,0.98
2193,1.0
2194,0.29
2195,0.92
2196,0.0
2197,1.0
2198,0.99
2199,0.33
2200,1.0
2201,0.01
2202,0.0
2203,0.0
2204,0.06
2205,0.0
2206,0.66
2207,0.0
2208,1.0
2209,0.99
2210,1.0
2211,0.31
2212,1.0
2213,0.09
2214,0.84
2215,0.96
2216,0.08
2217,0.99
2218,1.0
2219,0.0
2220,0.95
2221,0.56
2222,0.1
2223,1.0
2224,0.0
2225,0.94
2226,1.0
2227,0.0
2228,0.47
2229,0.0
2230,0.0
2231,0.0
2232,1.0
2233,1.0
2234,1.0
2235,1.0
2236,1.0
2237,0.05
2238,0.08
2239,1.0
2240,0.03
2241,0.01
2242,0.99
2243,0.47
2244,0.0
2245,0.0
2246,0.0
2247,0.0
2248,1.0
2249,0.97
2250,1.0
2251,0.0
2252,0.0
2253,0.54
2254,0.01
2255,0.46
2256,0.0
2257,0.46
2258,1.0
2259,1.0
2260,0.0
2261,0.6
2262,1.0
2263,0.95
2264,0.0
2265,1.0
2266,0.03
2267,1.0
2268,1.0
2269,0.88
2270,1.0
2271,0.81
2272,0.11
2273,0.31
2274,1.0
2275,1.0
2276,0.05
2277,0.0
2278,0.93
2279,0.0
2280,0.93
2281,0.82
2282,0.0
2283,0.38
2284,1.0
2285,1.0
2286,1.0
2287,1.0
2288,0.0
2289,0.0
2290,0.08
2291,0.78
2292,1.0
2293,1.0
2294,0.0
2295,0.0
2296,0.64
2297,0.0
2298,0.0
2299,0.04
2300,1.0
2301,0.0
2302,0.0
2303,0.32
2304,0.04
2305,0.08
2306,0.61
2307,0.0
2308,0.0
2309,1.0
2310,0.0
2311,0.41
2312,0.0
2313,1.0
2314,0.99
2315,1.0
2316,0.0
2317,0.0
2318,0.22
2319,0.99
2320,0.45
2321,0.0
2322,0.96
2323,1.0
2324,0.13
2325,0.18
2326,0.88
2327,1.0
2328,0.44
2329,0.95
2330,1.0
2331,0.99
2332,1.0
2333,0.0
2334,0.0
2335,0.01
2336,0.0
2337,0.99
2338,1.0
2339,0.0
2340,1.0
2341,0.94
2342,0.03
2343,1.0
2344,1.0
2345,0.0
2346,0.08
2347,0.77
2348,1.0
2349,0.98
2350,0.88
2351,0.0
2352,0.07
2353,0.13
2354,0.01
2355,1.0
2356,0.24
2357,0.07
2358,1.0
2359,0.22
2360,0.61
2361,0.61
2362,0.0
2363,1.0
2364,0.95
2365,0.88
2366,0.99
2367,1.0
2368,0.0
2369,1.0
2370,0.0
2371,1.0
2372,0.98
2373,1.0
2374,0.0
2375,0.17
2376,1.0
2377,1.0
2378,0.64
2379,0.0
2380,1.0
2381,1.0
2382,0.71
2383,0.07
2384,0.0
2385,1.0
2386,0.0
2387,0.0
2388,1.0
2389,0.89
2390,0.75
2391,0.02
2392,1.0
2393,0.92
2394,0.98
2395,0.93
2396,0.0
2397,0.01
2398,0.75
2399,0.04
2400,0.94
2401,0.01
2402,0.01
2403,0.95
2404,0.05
2405,0.98
2406,0.0
2407,1.0
2408,1.0
2409,0.12
2410,1.0
2411,1.0
2412,0.98
2413,0.98
2414,0.03
2415,0.88
2416,0.0
2417,1.0
2418,0.0
2419,0.55
2420,0.02
2421,0.0
2422,0.0
2423,0.7
2424,0.0
2425,1.0
2426,1.0
2427,0.97
2428,0.32
2429,1.0
2430,1.0
2431,1.0
2432,0.99
2433,0.0
2434,1.0
2435,1.0
2436,1.0
2437,1.0
2438,0.58
2439,1.0
2440,0.0
2441,0.0
2442,0.74
2443,0.0
2444,1.0
2445,0.97
2446,1.0
2447,1.0
2448,1.0
2449,0.0
2450,0.0
2451,0.0
2452,0.95
2453,1.0
2454,0.99
2455,1.0
2456,0.96
2457,0.03
2458,1.0
2459,0.0
2460,0.96
2461,1.0
2462,1.0
2463,0.0
2464,0.99
2465,1.0
2466,0.01
2467,1.0
2468,0.54
2469,0.41
2470,1.0
2471,0.88
2472,1.0
2473,0.19
2474,0.0
2475,1.0
2476,0.0
2477,0.12
2478,1.0
2479,0.0
2480,0.0
2481,0.74
2482,0.0
2483,0.95
2484,1.0
2485,0.14
2486,0.0
2487,0.96
2488,0.0
2489,0.01
2490,0.71
2491,1.0
2492,1.0
2493,0.92
2494,1.0
2495,0.31
2496,0.99
2497,1.0
2498,0.3
2499,1.0
2500,0.0
2501,1.0
2502,1.0
2503,0.0
2504,0.01
2505,0.02
2506,0.0
2507,1.0
2508,1.0
2509,0.0
2510,0.02
2511,0.0
2512,0.0
2513,1.0
2514,0.17
2515,1.0
2516,0.02
2517,0.0
2518,0.33
2519,0.0
2520,1.0
2521,0.97
2522,0.0
2523,0.99
2524,0.0
2525,0.2
2526,0.0
2527,0.61
2528,1.0
2529,0.0
2530,0.98
2531,0.0
2532,0.47
2533,0.0
2534,0.01
2535,0.0
2536,0.01
2537,1.0
2538,0.04
2539,0.12
2540,1.0
2541,0.0
2542,0.79
2543,0.0
2544,0.0
2545,1.0
2546,0.0
2547,0.02
2548,1.0
2549,1.0
2550,1.0
2551,0.85
2552,0.11
2553,1.0
2554,0.0
2555,0.48
2556,1.0
2557,0.0
2558,0.14
2559,0.86
2560,0.05
2561,0.0
2562,0.09
2563,0.79
2564,0.99
2565,1.0
2566,0.01
2567,0.69
2568,1.0
2569,1.0
2570,0.79
2571,1.0
2572,1.0
2573,1.0
2574,0.0
2575,0.0
2576,1.0
2577,0.92
2578,0.89
2579,0.22
2580,0.14
2581,0.99
2582,1.0
2583,1.0
2584,0.01
2585,1.0
2586,1.0
2587,0.0
2588,0.14
2589,1.0
2590,1.0
2591,0.12
2592,1.0
2593,0.0
2594,0.72
2595,0.0
2596,1.0
2597,0.0
2598,1.0
2599,0.0
2600,0.18
2601,0.26
2602,0.03
2603,0.0
2604,0.0
2605,1.0
2606,0.0
2607,0.99
2608,1.0
2609,0.07
2610,0.99
2611,0.03
2612,1.0
2613,0.0
2614,0.64
2615,1.0
2616,0.0
2617,0.01
2618,1.0
2619,0.76
2620,1.0
2621,0.01
2622,0.0
2623,1.0
2624,0.12
2625,0.69
2626,1.0
2627,0.0
2628,0.95
2629,0.0
2630,0.08
2631,0.0
2632,1.0
2633,1.0
2634,0.99
2635,0.06
2636,1.0
2637,0.31
2638,0.06
2639,0.35
2640,1.0
2641,1.0
2642,0.02
2643,1.0
2644,0.06
2645,0.0
2646,0.88
2647,0.47
2648,0.0
2649,0.0
2650,0.0
2651,0.0
2652,1.0
2653,0.0
2654,0.02
2655,1.0
2656,0.95
2657,0.13
2658,0.02
2659,0.86
2660,0.07
2661,0.0
2662,0.03
2663,0.35
2664,0.0
2665,1.0
2666,1.0
2667,0.0
2668,1.0
2669,0.94
2670,0.25
2671,0.0
2672,0.23
2673,1.0
2674,0.0
2675,0.0
2676,0.75
2677,0.01
2678,0.99
2679,0.41
2680,1.0
2681,0.02
2682,1.0
2683,1.0
2684,1.0
2685,0.99
2686,0.88
2687,0.0
2688,0.7
2689,0.95
2690,0.0
2691,0.01
2692,1.0
2693,0.0
2694,0.0
2695,1.0
2696,0.97
2697,1.0
2698,1.0
2699,1.0
2700,0.24
2701,0.0
2702,0.9
2703,0.0
2704,0.0
2705,0.0
2706,1.0
2707,1.0
2708,0.2
2709,0.77
2710,0.64
2711,0.0
2712,0.0
2713,0.7
2714,0.0
2715,1.0
2716,0.57
2717,0.0
2718,0.16
2719,1.0
2720,1.0
2721,0.99
2722,0.0
2723,1.0
2724,0.01
2725,0.23
2726,0.0
2727,0.0
2728,0.0
2729,1.0
2730,0.0
2731,0.0
2732,1.0
2733,0.0
2734,0.0
2735,0.83
2736,0.01
2737,0.3
2738,1.0
2739,1.0
2740,1.0
2741,0.51
2742,1.0
2743,1.0
2744,0.96
2745,1.0
2746,1.0
2747,0.69
2748,1.0
2749,0.99
2750,1.0
2751,0.06
2752,0.0
2753,0.63
2754,0.87
2755,0.9
2756,0.06
2757,1.0
2758,0.0
2759,0.99
2760,1.0
2761,0.0
2762,1.0
2763,0.0
2764,0.0
2765,0.0
2766,0.98
2767,1.0
2768,0.47
2769,0.14
2770,0.0
2771,0.0
2772,0.33
2773,0.97
2774,0.93
2775,0.0
2776,1.0
2777,0.0
2778,0.0
2779,0.99
2780,0.0
2781,0.71
2782,0.95
2783,0.96
2784,0.0
2785,0.0
2786,0.0
2787,0.99
2788,0.62
2789,0.0
2790,0.0
2791,0.0
2792,1.0
2793,0.0
2794,0.0
2795,0.0
2796,1.0
2797,0.29
2798,0.98
2799,0.88
2800,0.0
2801,0.84
2802,0.0
2803,0.02
2804,0.97
2805,1.0
2806,0.51
2807,0.09
2808,0.9
2809,1.0
2810,0.0
2811,1.0
2812,0.74
2813,0.01
2814,0.0
2815,0.64
2816,1.0
2817,0.0
2818,1.0
2819,0.99
2820,1.0
2821,0.06
2822,0.0
2823,1.0
2824,1.0
2825,0.24
2826,0.23
2827,0.0
2828,0.98
2829,0.1
2830,0.0
2831,0.01
2832,0.0
2833,0.0
2834,0.0
2835,0.0
2836,1.0
2837,0.0
2838,0.0
2839,0.99
2840,0.13
2841,1.0
2842,0.91
2843,0.35
2844,0.06
2845,0.0
2846,0.71
2847,0.01
2848,0.34
2849,1.0
2850,0.24
2851,1.0
2852,0.05
2853,0.0
2854,0.0
2855,1.0
2856,0.98
2857,0.92
2858,1.0
2859,1.0
2860,0.0
2861,1.0
2862,0.99
2863,1.0
2864,0.0
2865,0.01
2866,0.0
2867,0.37
2868,0.0
2869,0.97
2870,1.0
2871,0.01
2872,0.87
2873,0.0
2874,0.06
2875,1.0
2876,0.51
2877,0.0
2878,1.0
2879,0.0
2880,1.0
2881,1.0
2882,1.0
2883,0.92
2884,0.99
2885,0.55
2886,1.0
2887,1.0
2888,0.38
2889,0.01
2890,0.0
2891,0.0
2892,0.31
2893,0.0
2894,1.0
2895,1.0
2896,0.0
2897,0.0
2898,0.33
2899,0.17
2900,0.0
2901,0.09
2902,0.05
2903,0.04
2904,1.0
2905,1.0
2906,0.76
2907,1.0
2908,0.02
2909,0.0
2910,1.0
2911,0.0
2912,0.84
2913,0.01
2914,1.0
2915,0.06
2916,0.93
2917,0.03
2918,0.09
2919,0.33
2920,0.02
2921,0.0
2922,0.28
2923,0.0
2924,0.04
2925,0.5
2926,0.96
2927,1.0
2928,0.14
2929,1.0
2930,0.01
2931,1.0
2932,1.0
2933,0.86
2934,0.0
2935,0.0
2936,0.87
2937,0.0
2938,0.03
2939,0.01
2940,1.0
2941,0.01
2942,0.79
2943,1.0
2944,0.69
2945,1.0
2946,0.01
2947,0.66
2948,0.99
2949,0.78
2950,0.0
2951,0.96
2952,1.0
2953,0.97
2954,0.0
2955,0.01
2956,0.04
2957,0.04
2958,0.03
2959,0.02
2960,1.0
2961,1.0
2962,0.99
2963,0.01
2964,0.18
2965,1.0
2966,1.0
2967,0.0
2968,1.0
2969,0.0
2970,0.0
2971,0.98
2972,0.0
2973,0.13
2974,0.0
2975,0.17
2976,0.99
2977,1.0
2978,1.0
2979,0.68
2980,0.0
2981,1.0
2982,0.43
2983,0.0
2984,0.52
2985,0.08
2986,0.8
2987,0.0
2988,1.0
2989,0.01
2990,0.35
2991,0.2
2992,1.0
2993,1.0
2994,0.09
2995,0.3
2996,0.57
2997,0.0
2998,0.0
2999,0.03
3000,1.0
3001,0.1
3002,0.0
3003,1.0
3004,0.63
3005,1.0
3006,0.0
3007,0.03
3008,1.0
3009,1.0
3010,0.02
3011,1.0
3012,0.99
3013,0.0
3014,0.02
3015,0.24
3016,0.36
3017,0.33
3018,0.04
3019,0.67
3020,0.46
3021,0.18
3022,1.0
3023,0.8
3024,0.5
3025,0.94
3026,0.0
3027,1.0
3028,0.0
3029,0.0
3030,0.03
3031,0.88
3032,1.0
3033,0.0
3034,0.0
3035,0.03
3036,0.02
3037,0.97
3038,0.0
3039,0.0
3040,0.08
3041,1.0
3042,0.99
3043,0.06
3044,1.0
3045,0.43
3046,0.06
3047,0.02
3048,1.0
3049,0.0
3050,1.0
3051,1.0
3052,0.63
3053,1.0
3054,0.01
3055,0.25
3056,0.0
3057,0.0
3058,1.0
3059,0.13
3060,1.0
3061,0.0
3062,0.01
3063,0.08
3064,0.01
3065,0.03
3066,0.0
3067,0.19
3068,0.14
3069,0.91
3070,0.77
3071,0.0
3072,1.0
3073,0.0
3074,0.0
3075,0.88
3076,1.0
3077,1.0
3078,0.32
3079,1.0
3080,1.0
3081,0.0
3082,1.0
3083,0.92
3084,1.0
3085,0.0
3086,0.85
3087,0.04
3088,0.01
3089,0.0
3090,0.93
3091,0.0
3092,1.0
3093,0.69
3094,0.11
3095,0.0
3096,0.31
3097,0.15
3098,0.02
3099,0.99
3100,0.13
3101,0.96
3102,0.0
3103,0.0
3104,1.0
3105,1.0
3106,0.62
3107,0.96
3108,0.0
3109,0.04
3110,1.0
3111,1.0
3112,1.0
3113,0.11
3114,0.94
3115,1.0
3116,1.0
3117,0.7
3118,1.0
3119,1.0
3120,0.81
3121,0.0
3122,0.0
3123,0.0
3124,0.93
3125,1.0
3126,0.0
3127,0.06
3128,0.0
3129,1.0
3130,1.0
3131,1.0
3132,0.01
3133,1.0
3134,0.37
3135,0.76
3136,1.0
3137,0.17
3138,0.68
3139,1.0
3140,1.0
3141,0.0
3142,0.99
3143,1.0
3144,1.0
3145,0.01
3146,1.0
3147,0.0
3148,0.0
3149,1.0
3150,0.99
3151,0.03
3152,0.97
3153,0.21
3154,0.0
3155,1.0
3156,0.0
3157,0.01
3158,0.97
3159,0.61
3160,1.0
3161,0.0
3162,0.95
3163,1.0
3164,0.0
3165,1.0
3166,0.57
3167,0.0
3168,1.0
3169,1.0
3170,0.49
3171,1.0
3172,0.0
3173,0.0
3174,1.0
3175,0.92
3176,0.05
3177,1.0
3178,0.0
3179,1.0
3180,1.0
3181,0.0
3182,1.0
3183,0.97
3184,0.77
3185,0.99
3186,0.5
3187,0.06
3188,0.0
3189,1.0
3190,0.99
3191,0.01
3192,0.86
3193,0.0
3194,1.0
3195,0.0
3196,0.36
3197,0.01
3198,0.6
3199,0.56
3200,0.32
3201,1.0
3202,1.0
3203,0.0
3204,1.0
3205,1.0
3206,0.0
3207,0.03
3208,0.06
3209,1.0
3210,0.0
3211,1.0
3212,0.46
3213,0.0
3214,0.03
3215,0.0
3216,0.07
3217,1.0
3218,0.35
3219,0.0
3220,0.99
3221,0.0
3222,0.0
3223,1.0
3224,1.0
3225,1.0
3226,1.0
3227,0.85
3228,0.99
3229,1.0
3230,0.0
3231,1.0
3232,1.0
3233,0.64
3234,0.04
3235,0.99
3236,1.0
3237,0.0
3238,0.0
3239,0.01
3240,1.0
3241,1.0
3242,1.0
3243,0.0
3244,1.0
3245,0.0
3246,0.5
3247,0.0
3248,0.98
3249,1.0
3250,0.0
3251,1.0
3252,0.97
3253,0.21
3254,0.0
3255,0.41
3256,0.0
3257,0.38
3258,0.01
3259,0.25
3260,1.0
3261,0.0
3262,0.26
3263,0.0
3264,1.0
3265,1.0
3266,0.94
3267,1.0
3268,0.0
3269,1.0
3270,1.0
3271,0.0
3272,0.0
3273,1.0
3274,0.5
3275,0.08
3276,0.0
3277,0.0
3278,0.11
3279,1.0
3280,0.91
3281,1.0
3282,0.0
3283,0.0
3284,0.0
3285,0.34
3286,0.96
3287,0.0
3288,0.3
3289,1.0
3290,1.0
3291,0.37
3292,0.0
3293,0.46
3294,0.82
3295,0.88
3296,0.0
3297,0.0
3298,0.0
3299,0.0
3300,1.0
3301,0.04
3302,0.0
3303,0.0
3304,0.4
3305,0.9
3306,0.44
3307,0.57
3308,0.0
3309,0.0
3310,0.28
3311,0.98
3312,0.23
3313,0.0
3314,1.0
3315,0.0
3316,0.0
3317,0.18
3318,0.21
3319,0.91
3320,0.03
3321,1.0
3322,0.0
3323,0.0
3324,0.05
3325,0.0
3326,0.0
3327,1.0
3328,0.07
3329,1.0
3330,0.0
3331,1.0
3332,0.04
3333,1.0
3334,0.83
3335,0.02
3336,1.0
3337,0.06
3338,1.0
3339,0.0
3340,0.0
3341,0.96
3342,0.73
3343,1.0
3344,1.0
3345,0.0
3346,0.98
3347,0.95
3348,1.0
3349,1.0
3350,0.0
3351,0.0
3352,0.0
3353,0.13
3354,0.0
3355,0.0
3356,0.0
3357,0.0
3358,0.0
3359,1.0
3360,0.87
3361,0.94
3362,0.0
3363,0.7
3364,1.0
3365,0.0
3366,1.0
3367,1.0
3368,0.44
3369,0.99
3370,1.0
3371,0.0
3372,0.0
3373,0.65
3374,0.31
3375,1.0
3376,0.71
3377,0.49
3378,0.13
3379,0.99
3380,0.19
3381,0.0
3382,1.0
3383,0.0
3384,0.99
3385,1.0
3386,1.0
3387,0.79
3388,0.05
3389,1.0
3390,0.12
3391,0.1
3392,0.0
3393,0.33
3394,1.0
3395,0.0
3396,0.86
3397,1.0
3398,0.0
3399,0.49
3400,0.97
3401,0.0
3402,0.37
3403,0.0
3404,0.51
3405,1.0
3406,0.0
3407,0.0
3408,0.0
3409,0.0
3410,1.0
3411,0.06
3412,0.0
3413,1.0
3414,0.92
3415,0.82
3416,1.0
3417,0.1
3418,0.06
3419,1.0
3420,0.0
3421,0.0
3422,0.0
3423,0.0
3424,1.0
3425,1.0
3426,0.91
3427,0.0
3428,0.21
3429,0.0
3430,0.1
3431,1.0
3432,0.0
3433,0.18
3434,0.74
3435,1.0
3436,1.0
3437,0.25
3438,0.86
3439,0.01
3440,0.98
3441,1.0
3442,1.0
3443,0.76
3444,0.05
3445,0.22
3446,0.13
3447,0.56
3448,1.0
3449,0.46
3450,0.68
3451,1.0
3452,0.97
3453,0.0
3454,1.0
3455,0.98
3456,1.0
3457,1.0
3458,0.43
3459,1.0
3460,1.0
3461,0.21
3462,1.0
3463,1.0
3464,0.89
3465,0.72
3466,1.0
3467,0.97
3468,0.25
3469,0.0
3470,0.0
3471,1.0
3472,0.0
3473,1.0
3474,0.0
3475,0.0
3476,0.97
3477,0.62
3478,0.98
3479,0.14
3480,1.0
3481,0.15
3482,1.0
3483,0.0
3484,0.0
3485,0.0
3486,0.93
3487,0.0
3488,0.86
3489,0.06
3490,1.0
3491,1.0
3492,0.0
3493,0.05
3494,0.04
3495,1.0
3496,0.96
3497,1.0
3498,0.0
3499,1.0
3500,1.0
3501,1.0
3502,1.0
3503,1.0
3504,1.0
3505,0.0
3506,0.39
3507,1.0
3508,1.0
3509,0.0
3510,0.0
3511,0.13
3512,0.89
3513,1.0
3514,1.0
3515,1.0
3516,0.0
3517,1.0
3518,0.0
3519,0.01
3520,0.0
3521,1.0
3522,0.01
3523,0.97
3524,1.0
3525,0.0
3526,0.02
3527,0.0
3528,0.5
3529,1.0
3530,0.03
3531,0.0
3532,0.0
3533,0.0
3534,0.89
3535,0.32
3536,0.03
3537,0.0
3538,0.0
3539,0.0
3540,0.02
3541,1.0
3542,0.14
3543,0.0
3544,1.0
3545,0.0
3546,0.0
3547,0.0
3548,0.18
3549,1.0
3550,0.02
3551,0.49
3552,0.96
3553,0.63
3554,0.0
3555,0.0
3556,0.86
3557,0.99
3558,0.01
3559,1.0
3560,0.75
3561,0.49
3562,1.0
3563,1.0
3564,0.0
3565,0.0
3566,0.14
3567,0.15
3568,0.0
3569,0.99
3570,0.97
3571,0.93
3572,0.66
3573,0.0
3574,1.0
3575,0.09
3576,1.0
3577,0.99
3578,0.0
3579,1.0
3580,1.0
3581,0.0
3582,0.0
3583,0.76
3584,0.13
3585,0.83
3586,0.98
3587,1.0
3588,0.0
3589,0.0
3590,0.22
3591,1.0
3592,1.0
3593,0.0
3594,1.0
3595,0.09
3596,0.0
3597,0.34
3598,0.14
3599,0.33
3600,0.0
3601,0.04
3602,0.0
3603,0.0
3604,1.0
3605,1.0
3606,0.01
3607,1.0
3608,0.28
3609,0.81
3610,0.78
3611,0.01
3612,1.0
3613,1.0
3614,0.98
3615,0.0
3616,0.98
3617,0.0
3618,1.0
3619,0.65
3620,0.01
3621,1.0
3622,0.0
3623,0.99
3624,0.01
3625,0.0
3626,0.1
3627,0.22
3628,0.92
3629,0.0
3630,0.0
3631,0.53
3632,1.0
3633,1.0
3634,0.99
3635,1.0
3636,0.14
3637,0.93
3638,0.0
3639,1.0
3640,0.01
3641,0.0
3642,0.0
3643,1.0
3644,1.0
3645,0.0
3646,0.2
3647,0.0
3648,1.0
3649,1.0
3650,0.0
3651,0.0
3652,0.48
3653,1.0
3654,0.0
3655,0.56
3656,0.57
3657,1.0
3658,0.0
3659,1.0
3660,0.9
3661,0.02
3662,0.3
3663,1.0
3664,0.95
3665,0.05
3666,0.96
3667,0.32
3668,1.0
3669,0.08
3670,0.0
3671,1.0
3672,0.05
3673,1.0
3674,0.99
3675,1.0
3676,0.95
3677,1.0
3678,0.71
3679,0.92
3680,1.0
3681,1.0
3682,0.99
3683,0.99
3684,0.0
3685,0.03
3686,0.0
3687,1.0
3688,1.0
3689,0.12
3690,1.0
3691,0.92
3692,1.0
3693,0.7
3694,0.0
3695,0.0
3696,0.0
3697,0.0
3698,0.0
3699,0.73
3700,0.0
3701,0.95
3702,1.0
3703,0.99
3704,0.98
3705,0.95
3706,0.01
3707,0.0
3708,0.0
3709,0.01
3710,0.0
3711,0.52
3712,1.0
3713,1.0
3714,0.21
3715,0.24
3716,1.0
3717,0.0
3718,0.92
3719,0.97
3720,1.0
3721,0.92
3722,0.6
3723,0.6
3724,0.92
3725,0.52
3726,0.0
3727,1.0
3728,0.0
3729,0.25
3730,1.0
3731,1.0
3732,1.0
3733,1.0
3734,1.0
3735,0.0
3736,0.99
3737,0.31
3738,1.0
3739,0.0
3740,0.92
3741,0.82
3742,1.0
3743,0.0
3744,0.97
3745,0.98
3746,0.09
3747,1.0
3748,1.0
3749,1.0
3750,0.93
3751,0.82
3752,0.3
3753,1.0
3754,1.0
3755,0.0
3756,0.17
3757,0.0
3758,0.0
3759,0.0
3760,0.0
3761,0.01
3762,0.3
3763,0.98
3764,0.99
3765,0.15
3766,0.0
3767,1.0
3768,0.99
3769,0.23
3770,1.0
3771,0.21
3772,0.36
3773,0.98
3774,0.0
3775,0.01
3776,0.0
3777,0.0
3778,1.0
3779,0.04
3780,0.79
3781,0.0
3782,1.0
3783,0.93
3784,0.02
3785,0.98
3786,1.0
3787,1.0
3788,1.0
3789,0.0
3790,0.0
3791,0.09
3792,0.08
3793,0.04
3794,0.24
3795,0.17
3796,1.0
3797,0.09
3798,0.82
3799,0.14
3800,0.0
3801,0.96
3802,0.24
3803,0.0
3804,0.96
3805,1.0
3806,0.96
3807,1.0
3808,0.0
3809,0.0
3810,0.13
3811,1.0
3812,0.0
3813,0.0
3814,0.0
3815,0.81
3816,0.0
3817,0.0
3818,1.0
3819,0.81
3820,0.57
3821,1.0
3822,0.0
3823,0.0
3824,0.05
3825,0.99
3826,0.0
3827,0.0
3828,0.0
3829,0.03
3830,1.0
3831,0.0
3832,0.65
3833,0.99
3834,0.92
3835,0.17
3836,0.28
3837,0.0
3838,0.96
3839,0.23
3840,1.0
3841,1.0
3842,1.0
3843,1.0
3844,0.04
3845,0.0
3846,0.01
3847,1.0
3848,0.92
3849,1.0
3850,0.04
3851,0.0
3852,1.0
3853,0.99
3854,1.0
3855,0.01
3856,1.0
3857,0.0
3858,0.35
3859,0.01
3860,1.0
3861,0.02
3862,0.0
3863,1.0
3864,0.0
3865,0.0
3866,0.99
3867,0.64
3868,0.0
3869,1.0
3870,1.0
3871,0.27
3872,0.93
3873,1.0
3874,1.0
3875,0.0
3876,0.57
3877,0.0
3878,0.0
3879,0.99
3880,0.58
3881,0.01
3882,0.0
3883,0.99
3884,0.99
3885,0.27
3886,0.64
3887,0.08
3888,1.0
3889,0.06
3890,0.57
3891,0.0
3892,0.01
3893,0.0
3894,0.03
3895,0.99
3896,0.0
3897,0.65
3898,0.0
3899,0.01
3900,0.94
3901,0.21
3902,0.93
3903,0.0
3904,0.39
3905,1.0
3906,0.0
3907,0.0
3908,0.01
3909,0.12
3910,0.0
3911,0.01
3912,1.0
3913,0.99
3914,0.04
3915,0.0
3916,0.01
3917,1.0
3918,0.0
3919,0.0
3920,0.96
3921,0.3
3922,0.0
3923,0.0
3924,1.0
3925,0.38
3926,1.0
3927,0.0
3928,0.0
3929,0.17
3930,0.96
3931,1.0
3932,0.12
3933,1.0
3934,0.0
3935,0.01
3936,0.09
3937,0.7
3938,0.0
3939,0.99
3940,0.35
3941,0.06
3942,0.35
3943,1.0
3944,0.05
3945,0.01
3946,1.0
3947,0.0
3948,1.0
3949,0.05
3950,0.0
3951,1.0
3952,0.82
3953,0.11
3954,0.01
3955,0.01
3956,1.0
3957,0.0
3958,1.0
3959,0.01
3960,0.99
3961,1.0
3962,1.0
3963,0.0
3964,0.0
3965,1.0
3966,0.01
3967,1.0
3968,0.87
3969,0.24
3970,1.0
3971,0.0
3972,1.0
3973,0.95
3974,0.0
3975,1.0
3976,1.0
3977,0.0
3978,0.0
3979,1.0
3980,0.0
3981,0.39
3982,0.0
3983,0.79
3984,0.0
3985,0.99
3986,0.98
3987,0.81
3988,0.01
3989,1.0
3990,0.0
3991,0.65
3992,1.0
3993,0.02
3994,0.05
3995,0.0
3996,0.93
3997,0.0
3998,0.01
3999,0.91
4000,0.0
